"Station Name","ADDENBROKE ISLAND"
"Province","BRITISH COLUMBIA"
"Latitude","51.60"
"Longitude","-127.86"
"Elevation","21.30"
"Climate Identifier","1060080"
"WMO Identifier",""
"TC Identifier","WCZ"

"Legend"
"A","Accumulated"
"C","Precipitation occurred, amount uncertain"
"E","Estimated"
"F","Accumulated and estimated"
"L","Precipitation may or may not have occurred"
"M","Missing"
"N","Temperature missing but known to be > 0"
"S","More than one occurrence"
"T","Trace"
"Y","Temperature missing but known to be < 0"
"[empty]","No data available"
"^","The value displayed is based on incomplete data"
"†","Data that is not subject to review by the National Climate Archives"

"Date/Time","Year","Month","Day","Data Quality","Max Temp (°C)","Max Temp Flag","Min Temp (°C)","Min Temp Flag","Mean Temp (°C)","Mean Temp Flag","Heat Deg Days (°C)","Heat Deg Days Flag","Cool Deg Days (°C)","Cool Deg Days Flag","Total Rain (mm)","Total Rain Flag","Total Snow (cm)","Total Snow Flag","Total Precip (mm)","Total Precip Flag","Snow on Grnd (cm)","Snow on Grnd Flag","Dir of Max Gust (10s deg)","Dir of Max Gust Flag","Spd of Max Gust (km/h)","Spd of Max Gust Flag"
"1988-01-01","1988","01","01","","3.0","","-1.0","","1.0","","17.0","","0.0","","0.0","","0.0","","0.0","","0","","","","",""
"1988-01-02","1988","01","02","","4.0","","-3.0","","0.5","","17.5","","0.0","","0.0","","0.0","","0.0","","0","","","","",""
"1988-01-03","1988","01","03","","7.0","","-1.0","","3.0","","15.0","","0.0","","0.0","","0.0","","0.0","","0","","","","",""
"1988-01-04","1988","01","04","","5.0","","2.0","","3.5","","14.5","","0.0","","0.0","","0.0","","0.0","","0","","","","",""
"1988-01-05","1988","01","05","","4.0","","2.0","","3.0","","15.0","","0.0","","0.0","","0.0","","0.0","","0","","","","",""
"1988-01-06","1988","01","06","","4.0","","0.0","","2.0","","16.0","","0.0","","0.4","","0.0","","0.4","","0","","","","",""
"1988-01-07","1988","01","07","","4.5","","2.0","","3.3","","14.7","","0.0","","0.0","","0.0","","0.0","","0","","","","",""
"1988-01-08","1988","01","08","","6.5","","1.0","","3.8","","14.2","","0.0","","0.0","T","0.0","","0.0","T","0","","","","",""
"1988-01-09","1988","01","09","","9.5","","2.5","","6.0","","12.0","","0.0","","51.4","","0.0","","51.4","","0","","","","",""
"1988-01-10","1988","01","10","","5.0","","3.0","","4.0","","14.0","","0.0","","24.8","","0.0","","24.8","","0","","","","",""
"1988-01-11","1988","01","11","","5.5","","1.5","","3.5","","14.5","","0.0","","6.6","","0.0","","6.6","","0","","","","",""
"1988-01-12","1988","01","12","","8.5","","2.0","","5.3","","12.7","","0.0","","11.0","","0.0","","11.0","","0","","","","",""
"1988-01-13","1988","01","13","","9.5","","4.5","","7.0","","11.0","","0.0","","12.2","","0.0","","12.2","","0","","","","",""
"1988-01-14","1988","01","14","","8.5","","6.0","","7.3","","10.7","","0.0","","28.8","","1.2","","30.0","","0","","","","",""
"1988-01-15","1988","01","15","","5.0","","2.5","","3.8","","14.2","","0.0","","10.6","","0.0","","10.6","","0","T","","","",""
"1988-01-16","1988","01","16","","5.5","","1.0","","3.3","","14.7","","0.0","","5.0","","2.0","","7.0","","0","","","","",""
"1988-01-17","1988","01","17","","6.0","","1.0","","3.5","","14.5","","0.0","","17.6","","4.0","","21.6","","0","","","","",""
"1988-01-18","1988","01","18","","7.0","","0.0","","3.5","","14.5","","0.0","","10.8","","0.0","","10.8","","0","T","","","",""
"1988-01-19","1988","01","19","","11.5","","4.5","","8.0","","10.0","","0.0","","34.6","","0.0","","34.6","","0","","","","",""
"1988-01-20","1988","01","20","","7.5","","2.5","","5.0","","13.0","","0.0","","6.4","","0.0","","6.4","","0","","","","",""
"1988-01-21","1988","01","21","","9.5","","4.5","","7.0","","11.0","","0.0","","39.2","","0.0","","39.2","","0","","","","",""
"1988-01-22","1988","01","22","","10.0","","5.0","","7.5","","10.5","","0.0","","8.4","","0.0","","8.4","","0","","","","",""
"1988-01-23","1988","01","23","","10.0","","2.5","","6.3","","11.7","","0.0","","2.4","","0.0","","2.4","","0","","","","",""
"1988-01-24","1988","01","24","","10.5","","4.0","","7.3","","10.7","","0.0","","28.8","","0.0","","28.8","","0","","","","",""
"1988-01-25","1988","01","25","","7.0","","5.0","","6.0","","12.0","","0.0","","3.8","","0.0","","3.8","","0","","","","",""
"1988-01-26","1988","01","26","","8.5","","4.0","","6.3","","11.7","","0.0","","1.0","","0.0","","1.0","","0","","","","",""
"1988-01-27","1988","01","27","","9.5","","5.5","","7.5","","10.5","","0.0","","6.0","","0.0","","6.0","","0","","","","",""
"1988-01-28","1988","01","28","","7.5","","2.0","","4.8","","13.2","","0.0","","5.2","","0.0","","5.2","","0","","","","",""
"1988-01-29","1988","01","29","","3.0","","0.0","","1.5","","16.5","","0.0","","0.0","","2.6","","2.6","","0","","","","",""
"1988-01-30","1988","01","30","","0.0","","-2.5","","-1.3","","19.3","","0.0","","0.0","","0.0","","0.0","","1","","","","",""
"1988-01-31","1988","01","31","","1.0","","-5.0","","-2.0","","20.0","","0.0","","0.0","","0.0","","0.0","","1","","","","",""
"1988-02-01","1988","02","01","","1.0","","-4.5","","-1.8","","19.8","","0.0","","0.0","","9.4","","9.4","","9","","","","",""
"1988-02-02","1988","02","02","","3.5","","-1.5","","1.0","","17.0","","0.0","","2.0","","1.2","","3.2","","5","","","","",""
"1988-02-03","1988","02","03","","3.5","","-0.5","","1.5","","16.5","","0.0","","0.2","","0.0","T","0.2","","4","","","","",""
"1988-02-04","1988","02","04","","6.0","","1.5","","3.8","","14.2","","0.0","","0.6","","0.0","","0.6","","3","","","","",""
"1988-02-05","1988","02","05","","6.0","","2.5","","4.3","","13.7","","0.0","","8.8","","0.0","","8.8","","2","","","","",""
"1988-02-06","1988","02","06","","6.5","","3.5","","5.0","","13.0","","0.0","","16.8","","0.0","","16.8","","0","","","","",""
"1988-02-07","1988","02","07","","9.0","","4.0","","6.5","","11.5","","0.0","","0.6","","0.0","","0.6","","0","","","","",""
"1988-02-08","1988","02","08","","5.0","","0.5","","2.8","","15.2","","0.0","","20.5","","1.0","","21.5","","0","","","","",""
"1988-02-09","1988","02","09","","6.0","","4.0","","5.0","","13.0","","0.0","","25.2","","0.0","","25.2","","0","","","","",""
"1988-02-10","1988","02","10","","8.0","","4.5","","6.3","","11.7","","0.0","","75.0","","0.0","","75.0","","0","","","","",""
"1988-02-11","1988","02","11","","8.5","","5.0","","6.8","","11.2","","0.0","","68.2","","0.0","","68.2","","0","","","","",""
"1988-02-12","1988","02","12","","8.0","","2.0","","5.0","","13.0","","0.0","","29.8","","0.0","","29.8","","0","","","","",""
"1988-02-13","1988","02","13","","6.5","","2.5","","4.5","","13.5","","0.0","","22.4","","0.0","","22.4","","0","","","","",""
"1988-02-14","1988","02","14","","7.5","","4.0","","5.8","","12.2","","0.0","","62.2","","0.0","","62.2","","0","","","","",""
"1988-02-15","1988","02","15","","7.0","","3.5","","5.3","","12.7","","0.0","","9.8","","0.0","","9.8","","0","","","","",""
"1988-02-16","1988","02","16","","7.5","","3.0","","5.3","","12.7","","0.0","","41.4","","0.0","","41.4","","0","","","","",""
"1988-02-17","1988","02","17","","8.0","","3.5","","5.8","","12.2","","0.0","","17.6","","0.0","","17.6","","0","","","","",""
"1988-02-18","1988","02","18","","6.5","","4.5","","5.5","","12.5","","0.0","","14.3","","0.0","","14.3","","0","","","","",""
"1988-02-19","1988","02","19","","8.5","","5.5","","7.0","","11.0","","0.0","","1.5","","0.0","","1.5","","0","","","","",""
"1988-02-20","1988","02","20","","7.0","","5.0","","6.0","","12.0","","0.0","","2.8","","0.0","","2.8","","0","","","","",""
"1988-02-21","1988","02","21","","7.5","","3.5","","5.5","","12.5","","0.0","","0.4","","0.0","","0.4","","0","","","","",""
"1988-02-22","1988","02","22","","7.5","","0.5","","4.0","","14.0","","0.0","","0.0","","0.0","","0.0","","0","","","","",""
"1988-02-23","1988","02","23","","10.0","","2.0","","6.0","","12.0","","0.0","","0.0","","0.0","","0.0","","0","","","","",""
"1988-02-24","1988","02","24","","13.0","","2.0","","7.5","","10.5","","0.0","","6.0","","0.0","","6.0","","0","","","","",""
"1988-02-25","1988","02","25","","10.5","","6.5","","8.5","","9.5","","0.0","","15.4","","0.0","","15.4","","0","","","","",""
"1988-02-26","1988","02","26","","8.5","","6.0","","7.3","","10.7","","0.0","","21.2","","0.0","","21.2","","0","","","","",""
"1988-02-27","1988","02","27","","9.5","","4.0","","6.8","","11.2","","0.0","","0.4","","0.0","","0.4","","0","","","","",""
"1988-02-28","1988","02","28","","9.0","","2.0","","5.5","","12.5","","0.0","","0.0","","0.0","","0.0","","0","","","","",""
"1988-02-29","1988","02","29","","9.5","","4.5","","7.0","","11.0","","0.0","","1.4","","0.0","","1.4","","0","","","","",""
"1988-03-01","1988","03","01","","9.5","","5.5","","7.5","","10.5","","0.0","","20.2","","0.0","","20.2","","0","","","","",""
"1988-03-02","1988","03","02","","6.5","","4.0","","5.3","","12.7","","0.0","","15.8","","0.0","","15.8","","0","","","","",""
"1988-03-03","1988","03","03","","9.0","","2.5","","5.8","","12.2","","0.0","","1.6","","0.0","","1.6","","0","","","","",""
"1988-03-04","1988","03","04","","8.0","","3.5","","5.8","","12.2","","0.0","","31.4","","0.0","","31.4","","0","","","","",""
"1988-03-05","1988","03","05","","8.0","","3.5","","5.8","","12.2","","0.0","","22.6","","0.0","","22.6","","0","","","","",""
"1988-03-06","1988","03","06","","8.0","","3.5","","5.8","","12.2","","0.0","","8.0","","0.0","","8.0","","0","","","","",""
"1988-03-07","1988","03","07","","7.5","","4.0","","5.8","","12.2","","0.0","","20.2","","0.0","","20.2","","0","","","","",""
"1988-03-08","1988","03","08","","7.0","","5.0","","6.0","","12.0","","0.0","","20.0","","0.0","","20.0","","0","","","","",""
"1988-03-09","1988","03","09","","7.5","","2.5","","5.0","","13.0","","0.0","","2.5","","0.0","","2.5","","0","","","","",""
"1988-03-10","1988","03","10","","8.0","","1.0","","4.5","","13.5","","0.0","","0.0","","0.0","","0.0","","0","","","","",""
"1988-03-11","1988","03","11","","9.0","","3.0","","6.0","","12.0","","0.0","","0.0","","0.0","","0.0","","0","","","","",""
"1988-03-12","1988","03","12","","10.0","","2.0","","6.0","","12.0","","0.0","","0.0","","0.0","","0.0","","0","","","","",""
"1988-03-13","1988","03","13","","9.0","","5.5","","7.3","","10.7","","0.0","","0.0","","0.0","","0.0","","0","","","","",""
"1988-03-14","1988","03","14","","9.5","","2.0","","5.8","","12.2","","0.0","","0.0","","0.0","","0.0","","0","","","","",""
"1988-03-15","1988","03","15","","14.0","","3.0","","8.5","","9.5","","0.0","","0.0","","0.0","","0.0","","0","","","","",""
"1988-03-16","1988","03","16","","11.0","","2.5","","6.8","","11.2","","0.0","","0.0","","0.0","","0.0","","0","","","","",""
"1988-03-17","1988","03","17","","14.0","","5.0","","9.5","","8.5","","0.0","","0.0","","0.0","","0.0","","0","","","","",""
"1988-03-18","1988","03","18","","12.5","","6.5","","9.5","","8.5","","0.0","","38.2","","0.0","","38.2","","0","","","","",""
"1988-03-19","1988","03","19","","7.0","","5.5","","6.3","","11.7","","0.0","","21.2","","0.0","","21.2","","0","","","","",""
"1988-03-20","1988","03","20","","7.5","","3.0","","5.3","","12.7","","0.0","","22.5","","0.0","","22.5","","0","","","","",""
"1988-03-21","1988","03","21","","7.5","","1.5","","4.5","","13.5","","0.0","","16.2","","0.0","","16.2","","0","","","","",""
"1988-03-22","1988","03","22","","9.0","","3.5","","6.3","","11.7","","0.0","","11.5","","0.0","","11.5","","0","","","","",""
"1988-03-23","1988","03","23","","7.5","","5.0","","6.3","","11.7","","0.0","","4.2","","0.0","","4.2","","0","","","","",""
"1988-03-24","1988","03","24","","7.0","","3.5","","5.3","","12.7","","0.0","","41.0","","0.0","","41.0","","0","","","","",""
"1988-03-25","1988","03","25","","4.5","","2.0","","3.3","","14.7","","0.0","","26.8","","0.0","","26.8","","0","","","","",""
"1988-03-26","1988","03","26","","6.0","","0.5","","3.3","","14.7","","0.0","","4.2","","1.6","","5.8","","0","","","","",""
"1988-03-27","1988","03","27","","6.5","","0.5","","3.5","","14.5","","0.0","","7.6","","0.0","","7.6","","0","","","","",""
"1988-03-28","1988","03","28","","5.0","","1.5","","3.3","","14.7","","0.0","","23.6","","0.0","","23.6","","0","","","","",""
"1988-03-29","1988","03","29","","7.5","","2.0","","4.8","","13.2","","0.0","","4.2","","0.0","","4.2","","0","","","","",""
"1988-03-30","1988","03","30","","6.5","","4.0","","5.3","","12.7","","0.0","","20.4","","0.0","","20.4","","0","","","","",""
"1988-03-31","1988","03","31","","8.0","","5.5","","6.8","","11.2","","0.0","","37.2","","0.0","","37.2","","0","","","","",""
"1988-04-01","1988","04","01","","8.0","","3.5","","5.8","","12.2","","0.0","","10.4","","0.0","","10.4","","0","","","","",""
"1988-04-02","1988","04","02","","8.5","","3.0","","5.8","","12.2","","0.0","","27.4","","0.0","","27.4","","0","","","","",""
"1988-04-03","1988","04","03","","7.0","","2.5","","4.8","","13.2","","0.0","","25.2","","3.0","","28.2","","0","","","","",""
"1988-04-04","1988","04","04","","8.5","","0.0","","4.3","","13.7","","0.0","","8.4","","4.0","","12.4","","0","T","","","",""
"1988-04-05","1988","04","05","","8.5","","3.5","","6.0","","12.0","","0.0","","15.6","","0.0","","15.6","","","M","","","",""
"1988-04-06","1988","04","06","","6.5","","2.0","","4.3","","13.7","","0.0","","14.2","","7.6","","21.8","","","M","","","",""
"1988-04-07","1988","04","07","","8.0","","0.5","","4.3","","13.7","","0.0","","3.2","","1.0","","4.2","","0","T","","","",""
"1988-04-08","1988","04","08","","8.5","","2.5","","5.5","","12.5","","0.0","","1.6","","0.0","","1.6","","0","","","","",""
"1988-04-09","1988","04","09","","12.0","","4.5","","8.3","","9.7","","0.0","","0.0","","0.0","","0.0","","0","","","","",""
"1988-04-10","1988","04","10","","9.0","","4.5","","6.8","","11.2","","0.0","","1.4","","0.0","","1.4","","0","","","","",""
"1988-04-11","1988","04","11","","11.0","","3.0","","7.0","","11.0","","0.0","","0.0","","0.0","","0.0","","0","","","","",""
"1988-04-12","1988","04","12","","14.0","","3.0","","8.5","","9.5","","0.0","","0.0","","0.0","","0.0","","0","","","","",""
"1988-04-13","1988","04","13","","12.0","","6.0","","9.0","","9.0","","0.0","","0.0","","0.0","","0.0","","0","","","","",""
"1988-04-14","1988","04","14","","12.5","","7.5","","10.0","","8.0","","0.0","","0.0","","0.0","","0.0","","0","","","","",""
"1988-04-15","1988","04","15","","11.5","","5.5","","8.5","","9.5","","0.0","","0.0","","0.0","","0.0","","0","","","","",""
"1988-04-16","1988","04","16","","12.0","","5.5","","8.8","","9.2","","0.0","","0.0","","0.0","","0.0","","0","","","","",""
"1988-04-17","1988","04","17","","12.5","","4.5","","8.5","","9.5","","0.0","","0.0","","0.0","","0.0","","0","","","","",""
"1988-04-18","1988","04","18","","13.0","","5.0","","9.0","","9.0","","0.0","","0.0","","0.0","","0.0","","0","","","","",""
"1988-04-19","1988","04","19","","15.5","","5.5","","10.5","","7.5","","0.0","","0.0","","0.0","","0.0","","0","","","","",""
"1988-04-20","1988","04","20","","13.0","","5.0","","9.0","","9.0","","0.0","","0.0","","0.0","","0.0","","0","","","","",""
"1988-04-21","1988","04","21","","11.5","","4.0","","7.8","","10.2","","0.0","","0.0","","0.0","","0.0","","0","","","","",""
"1988-04-22","1988","04","22","","10.0","","4.5","","7.3","","10.7","","0.0","","5.4","","0.0","T","5.4","","0","","","","",""
"1988-04-23","1988","04","23","","10.5","","2.5","","6.5","","11.5","","0.0","","0.6","","0.0","","0.6","","0","","","","",""
"1988-04-24","1988","04","24","","13.0","","3.5","","8.3","","9.7","","0.0","","0.0","","0.0","","0.0","","0","","","","",""
"1988-04-25","1988","04","25","","10.0","","7.0","","8.5","","9.5","","0.0","","0.0","","0.0","","0.0","","0","","","","",""
"1988-04-26","1988","04","26","","17.5","","5.5","","11.5","","6.5","","0.0","","0.6","","0.0","","0.6","","0","","","","",""
"1988-04-27","1988","04","27","","11.5","","10.0","","10.8","","7.2","","0.0","","14.4","","0.0","","14.4","","0","","","","",""
"1988-04-28","1988","04","28","","16.0","","8.5","","12.3","","5.7","","0.0","","10.4","","0.0","","10.4","","0","","","","",""
"1988-04-29","1988","04","29","","10.0","","4.0","","7.0","","11.0","","0.0","","4.2","","0.0","","4.2","","0","","","","",""
"1988-04-30","1988","04","30","","10.0","","3.5","","6.8","","11.2","","0.0","","3.6","","0.0","","3.6","","0","","","","",""
"1988-05-01","1988","05","01","","8.5","","3.5","","6.0","","12.0","","0.0","","2.8","","0.0","","2.8","","0","","","","",""
"1988-05-02","1988","05","02","","11.0","","5.5","","8.3","","9.7","","0.0","","14.0","","0.0","","14.0","","0","","","","",""
"1988-05-03","1988","05","03","","13.0","","4.5","","8.8","","9.2","","0.0","","0.6","","0.0","","0.6","","0","","","","",""
"1988-05-04","1988","05","04","","13.0","","4.0","","8.5","","9.5","","0.0","","0.0","","0.0","","0.0","","0","","","","",""
"1988-05-05","1988","05","05","","13.5","","5.5","","9.5","","8.5","","0.0","","0.0","","0.0","","0.0","","0","","","","",""
"1988-05-06","1988","05","06","","14.5","","7.0","","10.8","","7.2","","0.0","","0.0","","0.0","","0.0","","0","","","","",""
"1988-05-07","1988","05","07","","16.5","","7.5","","12.0","","6.0","","0.0","","0.0","T","0.0","","0.0","T","0","","","","",""
"1988-05-08","1988","05","08","","14.5","","7.5","","11.0","","7.0","","0.0","","0.0","","0.0","","0.0","","0","","","","",""
"1988-05-09","1988","05","09","","15.0","","8.5","","11.8","","6.2","","0.0","","0.0","","0.0","","0.0","","0","","","","",""
"1988-05-10","1988","05","10","","18.5","","10.0","","14.3","","3.7","","0.0","","0.7","","0.0","","0.7","","0","","","","",""
"1988-05-11","1988","05","11","","18.0","","12.0","","15.0","","3.0","","0.0","","0.3","","0.0","","0.3","","0","","","","",""
"1988-05-12","1988","05","12","","16.0","","11.5","","13.8","","4.2","","0.0","","6.4","","0.0","","6.4","","0","","","","",""
"1988-05-13","1988","05","13","","10.5","","8.0","","9.3","","8.7","","0.0","","13.5","","0.0","","13.5","","0","","","","",""
"1988-05-14","1988","05","14","","11.5","","8.0","","9.8","","8.2","","0.0","","9.9","","0.0","","9.9","","0","","","","",""
"1988-05-15","1988","05","15","","13.0","","7.5","","10.3","","7.7","","0.0","","30.1","","0.0","","30.1","","0","","","","",""
"1988-05-16","1988","05","16","","14.0","","6.0","","10.0","","8.0","","0.0","","23.0","","0.0","","23.0","","0","","","","",""
"1988-05-17","1988","05","17","","10.5","","6.0","","8.3","","9.7","","0.0","","13.8","","0.0","","13.8","","0","","","","",""
"1988-05-18","1988","05","18","","11.5","","7.0","","9.3","","8.7","","0.0","","8.8","","0.0","","8.8","","0","","","","",""
"1988-05-19","1988","05","19","","12.0","","7.5","","9.8","","8.2","","0.0","","1.0","","0.0","","1.0","","0","","","","",""
"1988-05-20","1988","05","20","","16.0","","7.5","","11.8","","6.2","","0.0","","1.0","","0.0","","1.0","","0","","","","",""
"1988-05-21","1988","05","21","","16.5","","9.5","","13.0","","5.0","","0.0","","31.8","","0.0","","31.8","","0","","","","",""
"1988-05-22","1988","05","22","","11.0","","8.5","","9.8","","8.2","","0.0","","3.3","","0.0","","3.3","","0","","","","",""
"1988-05-23","1988","05","23","","13.0","","6.0","","9.5","","8.5","","0.0","","9.8","","0.0","","9.8","","0","","","","",""
"1988-05-24","1988","05","24","","15.0","","5.0","","10.0","","8.0","","0.0","","9.2","","0.0","","9.2","","0","","","","",""
"1988-05-25","1988","05","25","","13.0","","7.5","","10.3","","7.7","","0.0","","6.2","","0.0","","6.2","","0","","","","",""
"1988-05-26","1988","05","26","","10.5","","8.0","","9.3","","8.7","","0.0","","19.4","","0.0","","19.4","","0","","","","",""
"1988-05-27","1988","05","27","","12.0","","8.5","","10.3","","7.7","","0.0","","15.4","","0.0","","15.4","","0","","","","",""
"1988-05-28","1988","05","28","","12.5","","7.5","","10.0","","8.0","","0.0","","7.2","","0.0","","7.2","","0","","","","",""
"1988-05-29","1988","05","29","","13.5","","6.0","","9.8","","8.2","","0.0","","0.8","","0.0","","0.8","","0","","","","",""
"1988-05-30","1988","05","30","","13.0","","8.5","","10.8","","7.2","","0.0","","19.2","","0.0","","19.2","","0","","","","",""
"1988-05-31","1988","05","31","","10.0","","6.5","","8.3","","9.7","","0.0","","5.6","","0.0","","5.6","","0","","","","",""
"1988-06-01","1988","06","01","","14.0","","5.5","","9.8","","8.2","","0.0","","4.4","","0.0","","4.4","","0","","","","",""
"1988-06-02","1988","06","02","","15.5","","6.5","","11.0","","7.0","","0.0","","2.0","","0.0","","2.0","","0","","","","",""
"1988-06-03","1988","06","03","","12.5","","8.5","","10.5","","7.5","","0.0","","1.2","","0.0","","1.2","","0","","","","",""
"1988-06-04","1988","06","04","","14.5","","5.5","","10.0","","8.0","","0.0","","0.6","","0.0","","0.6","","0","","","","",""
"1988-06-05","1988","06","05","","11.0","","7.5","","9.3","","8.7","","0.0","","3.4","","0.0","","3.4","","0","","","","",""
"1988-06-06","1988","06","06","","12.5","","7.0","","9.8","","8.2","","0.0","","1.4","","0.0","","1.4","","0","","","","",""
"1988-06-07","1988","06","07","","11.5","","7.5","","9.5","","8.5","","0.0","","3.4","","0.0","","3.4","","0","","","","",""
"1988-06-08","1988","06","08","","12.0","","8.5","","10.3","","7.7","","0.0","","0.4","","0.0","","0.4","","0","","","","",""
"1988-06-09","1988","06","09","","15.5","","9.0","","12.3","","5.7","","0.0","","0.0","","0.0","","0.0","","0","","","","",""
"1988-06-10","1988","06","10","","13.5","","9.5","","11.5","","6.5","","0.0","","5.8","","0.0","","5.8","","0","","","","",""
"1988-06-11","1988","06","11","","13.0","","9.5","","11.3","","6.7","","0.0","","1.2","","0.0","","1.2","","0","","","","",""
"1988-06-12","1988","06","12","","17.5","","9.0","","13.3","","4.7","","0.0","","0.0","","0.0","","0.0","","0","","","","",""
"1988-06-13","1988","06","13","","18.0","","9.5","","13.8","","4.2","","0.0","","0.0","","0.0","","0.0","","0","","","","",""
"1988-06-14","1988","06","14","","17.0","","10.5","","13.8","","4.2","","0.0","","1.4","","0.0","","1.4","","0","","","","",""
"1988-06-15","1988","06","15","","14.5","","11.0","","12.8","","5.2","","0.0","","1.0","","0.0","","1.0","","0","","","","",""
"1988-06-16","1988","06","16","","14.0","","10.0","","12.0","","6.0","","0.0","","7.8","","0.0","","7.8","","0","","","","",""
"1988-06-17","1988","06","17","","15.5","","11.5","","13.5","","4.5","","0.0","","20.4","","0.0","","20.4","","0","","","","",""
"1988-06-18","1988","06","18","","14.0","","9.0","","11.5","","6.5","","0.0","","2.8","","0.0","","2.8","","0","","","","",""
"1988-06-19","1988","06","19","","15.5","","8.0","","11.8","","6.2","","0.0","","0.4","","0.0","","0.4","","0","","","","",""
"1988-06-20","1988","06","20","","16.5","","9.5","","13.0","","5.0","","0.0","","0.0","T","0.0","","0.0","T","0","","","","",""
"1988-06-21","1988","06","21","","17.0","","10.0","","13.5","","4.5","","0.0","","11.6","","0.0","","11.6","","0","","","","",""
"1988-06-22","1988","06","22","","12.5","","9.5","","11.0","","7.0","","0.0","","1.0","","0.0","","1.0","","0","","","","",""
"1988-06-23","1988","06","23","","13.5","","9.5","","11.5","","6.5","","0.0","","3.6","","0.0","","3.6","","0","","","","",""
"1988-06-24","1988","06","24","","16.0","","9.0","","12.5","","5.5","","0.0","","3.0","","0.0","","3.0","","0","","","","",""
"1988-06-25","1988","06","25","","17.0","","12.0","","14.5","","3.5","","0.0","","0.0","","0.0","","0.0","","0","","","","",""
"1988-06-26","1988","06","26","","17.5","","11.0","","14.3","","3.7","","0.0","","0.0","T","0.0","","0.0","T","0","","","","",""
"1988-06-27","1988","06","27","","16.5","","10.5","","13.5","","4.5","","0.0","","0.8","","0.0","","0.8","","0","","","","",""
"1988-06-28","1988","06","28","","17.5","","9.5","","13.5","","4.5","","0.0","","0.0","","0.0","","0.0","","0","","","","",""
"1988-06-29","1988","06","29","","17.0","","9.5","","13.3","","4.7","","0.0","","1.6","","0.0","","1.6","","0","","","","",""
"1988-06-30","1988","06","30","","15.5","","10.5","","13.0","","5.0","","0.0","","8.8","","0.0","","8.8","","0","","","","",""
"1988-07-01","1988","07","01","","12.5","","10.0","","11.3","","6.7","","0.0","","10.4","","0.0","","10.4","","0","","","","",""
"1988-07-02","1988","07","02","","15.0","","8.5","","11.8","","6.2","","0.0","","1.0","","0.0","","1.0","","0","","","","",""
"1988-07-03","1988","07","03","","16.0","","8.0","","12.0","","6.0","","0.0","","0.8","","0.0","","0.8","","0","","","","",""
"1988-07-04","1988","07","04","","20.0","","10.5","","15.3","","2.7","","0.0","","0.3","","0.0","","0.3","","0","","","","",""
"1988-07-05","1988","07","05","","17.5","","10.5","","14.0","","4.0","","0.0","","0.0","","0.0","","0.0","","0","","","","",""
"1988-07-06","1988","07","06","","16.0","","10.0","","13.0","","5.0","","0.0","","0.0","","0.0","","0.0","","0","","","","",""
"1988-07-07","1988","07","07","","16.5","","10.5","","13.5","","4.5","","0.0","","0.0","","0.0","","0.0","","0","","","","",""
"1988-07-08","1988","07","08","","18.0","","10.5","","14.3","","3.7","","0.0","","0.0","","0.0","","0.0","","0","","","","",""
"1988-07-09","1988","07","09","","18.5","","11.5","","15.0","","3.0","","0.0","","0.0","T","0.0","","0.0","T","0","","","","",""
"1988-07-10","1988","07","10","","15.0","","11.5","","13.3","","4.7","","0.0","","0.0","","0.0","","0.0","","0","","","","",""
"1988-07-11","1988","07","11","","12.5","","10.5","","11.5","","6.5","","0.0","","4.2","","0.0","","4.2","","0","","","","",""
"1988-07-12","1988","07","12","","13.5","","10.5","","12.0","","6.0","","0.0","","13.3","","0.0","","13.3","","0","","","","",""
"1988-07-13","1988","07","13","","16.0","","11.0","","13.5","","4.5","","0.0","","7.3","","0.0","","7.3","","0","","","","",""
"1988-07-14","1988","07","14","","17.5","","10.0","","13.8","","4.2","","0.0","","5.2","","0.0","","5.2","","0","","","","",""
"1988-07-15","1988","07","15","","17.5","","10.5","","14.0","","4.0","","0.0","","0.0","","0.0","","0.0","","0","","","","",""
"1988-07-16","1988","07","16","","19.0","","11.5","","15.3","","2.7","","0.0","","0.0","","0.0","","0.0","","0","","","","",""
"1988-07-17","1988","07","17","","19.5","","10.5","","15.0","","3.0","","0.0","","0.0","","0.0","","0.0","","0","","","","",""
"1988-07-18","1988","07","18","","22.0","","12.0","","17.0","","1.0","","0.0","","0.0","","0.0","","0.0","","0","","","","",""
"1988-07-19","1988","07","19","","23.0","","12.5","","17.8","","0.2","","0.0","","0.0","","0.0","","0.0","","0","","","","",""
"1988-07-20","1988","07","20","","20.0","","13.0","","16.5","","1.5","","0.0","","0.0","","0.0","","0.0","","0","","","","",""
"1988-07-21","1988","07","21","","16.0","","12.5","","14.3","","3.7","","0.0","","0.0","","0.0","","0.0","","0","","","","",""
"1988-07-22","1988","07","22","","18.5","","12.5","","15.5","","2.5","","0.0","","0.2","","0.0","","0.2","","0","","","","",""
"1988-07-23","1988","07","23","","15.5","","12.0","","13.8","","4.2","","0.0","","1.6","","0.0","","1.6","","0","","","","",""
"1988-07-24","1988","07","24","","16.5","","13.0","","14.8","","3.2","","0.0","","28.6","","0.0","","28.6","","0","","","","",""
"1988-07-25","1988","07","25","","20.5","","13.5","","17.0","","1.0","","0.0","","3.6","","0.0","","3.6","","0","","","","",""
"1988-07-26","1988","07","26","","16.0","","12.5","","14.3","","3.7","","0.0","","0.0","","0.0","","0.0","","0","","","","",""
"1988-07-27","1988","07","27","","17.5","","11.5","","14.5","","3.5","","0.0","","2.2","","0.0","","2.2","","0","","","","",""
"1988-07-28","1988","07","28","","14.5","","12.0","","13.3","","4.7","","0.0","","6.8","","0.0","","6.8","","0","","","","",""
"1988-07-29","1988","07","29","","14.5","","12.0","","13.3","","4.7","","0.0","","0.6","","0.0","","0.6","","0","","","","",""
"1988-07-30","1988","07","30","","18.0","","11.5","","14.8","","3.2","","0.0","","0.0","","0.0","","0.0","","0","","","","",""
"1988-07-31","1988","07","31","","17.0","","12.5","","14.8","","3.2","","0.0","","0.0","","0.0","","0.0","","0","","","","",""
"1988-08-01","1988","08","01","","21.0","","11.5","","16.3","","1.7","","0.0","","0.0","","0.0","","0.0","","0","","","","",""
"1988-08-02","1988","08","02","","19.0","","11.5","","15.3","","2.7","","0.0","","0.0","","0.0","","0.0","","0","","","","",""
"1988-08-03","1988","08","03","","21.0","","13.0","","17.0","","1.0","","0.0","","0.6","","0.0","","0.6","","0","","","","",""
"1988-08-04","1988","08","04","","16.0","","13.0","","14.5","","3.5","","0.0","","0.6","","0.0","","0.6","","0","","","","",""
"1988-08-05","1988","08","05","","17.0","","11.0","","14.0","","4.0","","0.0","","0.0","","0.0","","0.0","","0","","","","",""
"1988-08-06","1988","08","06","","17.5","","11.0","","14.3","","3.7","","0.0","","0.0","T","0.0","","0.0","T","0","","","","",""
"1988-08-07","1988","08","07","","14.0","","12.0","","13.0","","5.0","","0.0","","35.8","","0.0","","35.8","","0","","","","",""
"1988-08-08","1988","08","08","","13.5","","12.0","","12.8","","5.2","","0.0","","21.6","","0.0","","21.6","","0","","","","",""
"1988-08-09","1988","08","09","","15.0","","11.0","","13.0","","5.0","","0.0","","0.3","","0.0","","0.3","","0","","","","",""
"1988-08-10","1988","08","10","","17.5","","12.0","","14.8","","3.2","","0.0","","0.0","","0.0","","0.0","","0","","","","",""
"1988-08-11","1988","08","11","","18.0","","11.5","","14.8","","3.2","","0.0","","0.4","","0.0","","0.4","","0","","","","",""
"1988-08-12","1988","08","12","","16.5","","11.0","","13.8","","4.2","","0.0","","0.0","","0.0","","0.0","","0","","","","",""
"1988-08-13","1988","08","13","","14.0","","12.5","","13.3","","4.7","","0.0","","0.4","","0.0","","0.4","","0","","","","",""
"1988-08-14","1988","08","14","","17.0","","12.0","","14.5","","3.5","","0.0","","9.6","","0.0","","9.6","","0","","","","",""
"1988-08-15","1988","08","15","","17.0","","12.0","","14.5","","3.5","","0.0","","2.8","","0.0","","2.8","","0","","","","",""
"1988-08-16","1988","08","16","","16.0","","12.5","","14.3","","3.7","","0.0","","11.2","","0.0","","11.2","","0","","","","",""
"1988-08-17","1988","08","17","","15.0","","12.0","","13.5","","4.5","","0.0","","4.8","","0.0","","4.8","","0","","","","",""
"1988-08-18","1988","08","18","","14.0","","12.5","","13.3","","4.7","","0.0","","33.8","","0.0","","33.8","","0","","","","",""
"1988-08-19","1988","08","19","","14.5","","12.0","","13.3","","4.7","","0.0","","5.4","","0.0","","5.4","","0","","","","",""
"1988-08-20","1988","08","20","","16.5","","12.0","","14.3","","3.7","","0.0","","0.0","","0.0","","0.0","","0","","","","",""
"1988-08-21","1988","08","21","","17.0","","10.5","","13.8","","4.2","","0.0","","0.0","","0.0","","0.0","","0","","","","",""
"1988-08-22","1988","08","22","","20.0","","11.5","","15.8","","2.2","","0.0","","0.0","T","0.0","","0.0","T","0","","","","",""
"1988-08-23","1988","08","23","","20.0","","12.0","","16.0","","2.0","","0.0","","0.0","","0.0","","0.0","","0","","","","",""
"1988-08-24","1988","08","24","","24.5","","14.0","","19.3","","0.0","","1.3","","0.0","","0.0","","0.0","","0","","","","",""
"1988-08-25","1988","08","25","","19.0","","13.5","","16.3","","1.7","","0.0","","0.0","","0.0","","0.0","","0","","","","",""
"1988-08-26","1988","08","26","","18.0","","13.5","","15.8","","2.2","","0.0","","0.0","","0.0","","0.0","","0","","","","",""
"1988-08-27","1988","08","27","","22.0","","11.5","","16.8","","1.2","","0.0","","0.0","","0.0","","0.0","","0","","","","",""
"1988-08-28","1988","08","28","","21.0","","13.5","","17.3","","0.7","","0.0","","20.2","","0.0","","20.2","","0","","","","",""
"1988-08-29","1988","08","29","","13.5","","12.0","","12.8","","5.2","","0.0","","16.8","","0.0","","16.8","","0","","","","",""
"1988-08-30","1988","08","30","","15.5","","12.0","","13.8","","4.2","","0.0","","0.0","","0.0","","0.0","","0","","","","",""
"1988-08-31","1988","08","31","","18.0","","10.5","","14.3","","3.7","","0.0","","0.0","","0.0","","0.0","","0","","","","",""
"1988-09-01","1988","09","01","","19.0","","10.5","","14.8","","3.2","","0.0","","0.0","","0.0","","0.0","","0","","","","",""
"1988-09-02","1988","09","02","","21.0","","11.5","","16.3","","1.7","","0.0","","0.0","","0.0","","0.0","","0","","","","",""
"1988-09-03","1988","09","03","","25.5","","13.5","","19.5","","0.0","","1.5","","0.0","","0.0","","0.0","","0","","","","",""
"1988-09-04","1988","09","04","","16.5","","13.5","","15.0","","3.0","","0.0","","0.0","","0.0","","0.0","","0","","","","",""
"1988-09-05","1988","09","05","","17.0","","12.5","","14.8","","3.2","","0.0","","4.6","","0.0","","4.6","","0","","","","",""
"1988-09-06","1988","09","06","","14.0","","11.0","","12.5","","5.5","","0.0","","15.8","","0.0","","15.8","","0","","","","",""
"1988-09-07","1988","09","07","","16.0","","10.5","","13.3","","4.7","","0.0","","0.6","","0.0","","0.6","","0","","","","",""
"1988-09-08","1988","09","08","","14.0","","10.0","","12.0","","6.0","","0.0","","14.6","","0.0","","14.6","","0","","","","",""
"1988-09-09","1988","09","09","","13.5","","9.0","","11.3","","6.7","","0.0","","15.5","","0.0","","15.5","","0","","","","",""
"1988-09-10","1988","09","10","","15.5","","7.5","","11.5","","6.5","","0.0","","0.0","","0.0","","0.0","","0","","","","",""
"1988-09-11","1988","09","11","","18.5","","11.0","","14.8","","3.2","","0.0","","0.0","","0.0","","0.0","","0","","","","",""
"1988-09-12","1988","09","12","","18.5","","10.0","","14.3","","3.7","","0.0","","0.0","","0.0","","0.0","","0","","","","",""
"1988-09-13","1988","09","13","","17.5","","11.0","","14.3","","3.7","","0.0","","0.0","","0.0","","0.0","","0","","","","",""
"1988-09-14","1988","09","14","","15.0","","11.0","","13.0","","5.0","","0.0","","1.8","","0.0","","1.8","","0","","","","",""
"1988-09-15","1988","09","15","","14.0","","8.0","","11.0","","7.0","","0.0","","0.0","","0.0","","0.0","","0","","","","",""
"1988-09-16","1988","09","16","","14.0","","8.5","","11.3","","6.7","","0.0","","0.0","","0.0","","0.0","","0","","","","",""
"1988-09-17","1988","09","17","","15.5","","8.0","","11.8","","6.2","","0.0","","2.6","","0.0","","2.6","","0","","","","",""
"1988-09-18","1988","09","18","","9.5","","8.0","","8.8","","9.2","","0.0","","32.8","","0.0","","32.8","","0","","","","",""
"1988-09-19","1988","09","19","","16.5","","7.5","","12.0","","6.0","","0.0","","0.0","","0.0","","0.0","","0","","","","",""
"1988-09-20","1988","09","20","","14.5","","7.0","","10.8","","7.2","","0.0","","0.0","","0.0","","0.0","","0","","","","",""
"1988-09-21","1988","09","21","","14.5","","10.5","","12.5","","5.5","","0.0","","0.0","","0.0","","0.0","","0","","","","",""
"1988-09-22","1988","09","22","","11.0","","9.0","","10.0","","8.0","","0.0","","6.5","","0.0","","6.5","","0","","","","",""
"1988-09-23","1988","09","23","","12.5","","7.5","","10.0","","8.0","","0.0","","0.0","","0.0","","0.0","","0","","","","",""
"1988-09-24","1988","09","24","","12.5","","6.0","","9.3","","8.7","","0.0","","0.0","","0.0","","0.0","","0","","","","",""
"1988-09-25","1988","09","25","","14.5","","6.5","","10.5","","7.5","","0.0","","10.2","","0.0","","10.2","","0","","","","",""
"1988-09-26","1988","09","26","","11.0","","9.5","","10.3","","7.7","","0.0","","14.8","","0.0","","14.8","","0","","","","",""
"1988-09-27","1988","09","27","","12.5","","8.5","","10.5","","7.5","","0.0","","58.6","","0.0","","58.6","","0","","","","",""
"1988-09-28","1988","09","28","","14.0","","9.0","","11.5","","6.5","","0.0","","120.6","","0.0","","120.6","","0","","","","",""
"1988-09-29","1988","09","29","","15.5","","10.5","","13.0","","5.0","","0.0","","1.0","","0.0","","1.0","","0","","","","",""
"1988-09-30","1988","09","30","","14.5","","10.5","","12.5","","5.5","","0.0","","0.0","","0.0","","0.0","","0","","","","",""
"1988-10-01","1988","10","01","","17.0","","10.5","","13.8","","4.2","","0.0","","0.0","","0.0","","0.0","","0","","","","",""
"1988-10-02","1988","10","02","","16.0","","11.0","","13.5","","4.5","","0.0","","0.0","","0.0","","0.0","","0","","","","",""
"1988-10-03","1988","10","03","","15.0","","11.0","","13.0","","5.0","","0.0","","10.4","","0.0","","10.4","","0","","","","",""
"1988-10-04","1988","10","04","","17.0","","11.0","","14.0","","4.0","","0.0","","12.6","","0.0","","12.6","","0","","","","",""
"1988-10-05","1988","10","05","","17.5","","11.5","","14.5","","3.5","","0.0","","0.0","","0.0","","0.0","","0","","","","",""
"1988-10-06","1988","10","06","","15.5","","11.0","","13.3","","4.7","","0.0","","0.0","","0.0","","0.0","","0","","","","",""
"1988-10-07","1988","10","07","","15.5","","8.5","","12.0","","6.0","","0.0","","0.0","","0.0","","0.0","","0","","","","",""
"1988-10-08","1988","10","08","","12.5","","9.0","","10.8","","7.2","","0.0","","0.0","","0.0","","0.0","","0","","","","",""
"1988-10-09","1988","10","09","","15.0","","9.0","","12.0","","6.0","","0.0","","0.0","","0.0","","0.0","","0","","","","",""
"1988-10-10","1988","10","10","","17.5","","9.0","","13.3","","4.7","","0.0","","0.0","","0.0","","0.0","","0","","","","",""
"1988-10-11","1988","10","11","","15.5","","9.5","","12.5","","5.5","","0.0","","15.0","","0.0","","15.0","","0","","","","",""
"1988-10-12","1988","10","12","","13.5","","11.5","","12.5","","5.5","","0.0","","32.4","","0.0","","32.4","","0","","","","",""
"1988-10-13","1988","10","13","","12.5","","10.5","","11.5","","6.5","","0.0","","30.8","","0.0","","30.8","","0","","","","",""
"1988-10-14","1988","10","14","","12.0","","9.0","","10.5","","7.5","","0.0","","2.4","","0.0","","2.4","","0","","","","",""
"1988-10-15","1988","10","15","","10.5","","9.0","","9.8","","8.2","","0.0","","17.8","","0.0","","17.8","","0","","","","",""
"1988-10-16","1988","10","16","","11.5","","7.5","","9.5","","8.5","","0.0","","0.4","","0.0","","0.4","","0","","","","",""
"1988-10-17","1988","10","17","","11.0","","5.0","","8.0","","10.0","","0.0","","0.6","","0.0","","0.6","","0","","","","",""
"1988-10-18","1988","10","18","","11.5","","6.5","","9.0","","9.0","","0.0","","12.2","","0.0","","12.2","","0","","","","",""
"1988-10-19","1988","10","19","","11.0","","9.5","","10.3","","7.7","","0.0","","4.2","","0.0","","4.2","","0","","","","",""
"1988-10-20","1988","10","20","","14.5","","9.0","","11.8","","6.2","","0.0","","15.0","","0.0","","15.0","","0","","","","",""
"1988-10-21","1988","10","21","","13.0","","9.5","","11.3","","6.7","","0.0","","17.4","","0.0","","17.4","","0","","","","",""
"1988-10-22","1988","10","22","","10.0","","7.0","","8.5","","9.5","","0.0","","47.8","","0.0","","47.8","","0","","","","",""
"1988-10-23","1988","10","23","","11.5","","8.5","","10.0","","8.0","","0.0","","1.6","","0.0","","1.6","","0","","","","",""
"1988-10-24","1988","10","24","","11.0","","6.5","","8.8","","9.2","","0.0","","24.8","","0.0","","24.8","","0","","","","",""
"1988-10-25","1988","10","25","","11.5","","6.5","","9.0","","9.0","","0.0","","4.0","","0.0","","4.0","","0","","","","",""
"1988-10-26","1988","10","26","","9.5","","5.0","","7.3","","10.7","","0.0","","0.0","","0.0","","0.0","","0","","","","",""
"1988-10-27","1988","10","27","","8.5","","2.0","","5.3","","12.7","","0.0","","0.0","","0.0","","0.0","","0","","","","",""
"1988-10-28","1988","10","28","","12.5","","3.0","","7.8","","10.2","","0.0","","2.6","","0.0","","2.6","","0","","","","",""
"1988-10-29","1988","10","29","","12.0","","6.5","","9.3","","8.7","","0.0","","53.4","","0.0","","53.4","","0","","","","",""
"1988-10-30","1988","10","30","","12.0","","7.5","","9.8","","8.2","","0.0","","2.4","","0.0","","2.4","","0","","","","",""
"1988-10-31","1988","10","31","","11.0","","8.5","","9.8","","8.2","","0.0","","6.6","","0.0","","6.6","","0","","","","",""
"1988-11-01","1988","11","01","","12.0","","7.5","","9.8","","8.2","","0.0","","8.0","","0.0","","8.0","","0","","","","",""
"1988-11-02","1988","11","02","","12.5","","8.5","","10.5","","7.5","","0.0","","35.8","","0.0","","35.8","","0","","","","",""
"1988-11-03","1988","11","03","","9.0","","7.0","","8.0","","10.0","","0.0","","29.0","","0.0","","29.0","","0","","","","",""
"1988-11-04","1988","11","04","","10.0","","7.0","","8.5","","9.5","","0.0","","19.2","","0.0","","19.2","","0","","","","",""
"1988-11-05","1988","11","05","","11.5","","7.0","","9.3","","8.7","","0.0","","23.6","","0.0","","23.6","","0","","","","",""
"1988-11-06","1988","11","06","","9.5","","5.5","","7.5","","10.5","","0.0","","17.8","","0.0","","17.8","","0","","","","",""
"1988-11-07","1988","11","07","","11.5","","6.5","","9.0","","9.0","","0.0","","7.4","","0.0","","7.4","","0","","","","",""
"1988-11-08","1988","11","08","","10.0","","6.5","","8.3","","9.7","","0.0","","1.6","","0.0","","1.6","","0","","","","",""
"1988-11-09","1988","11","09","","12.5","","6.5","","9.5","","8.5","","0.0","","19.6","","0.0","","19.6","","0","","","","",""
"1988-11-10","1988","11","10","","8.5","","4.5","","6.5","","11.5","","0.0","","13.8","","0.0","","13.8","","0","","","","",""
"1988-11-11","1988","11","11","","8.5","","4.0","","6.3","","11.7","","0.0","","22.2","","0.0","","22.2","","0","","","","",""
"1988-11-12","1988","11","12","","6.0","","4.0","","5.0","","13.0","","0.0","","24.6","","0.0","","24.6","","0","","","","",""
"1988-11-13","1988","11","13","","7.0","","3.5","","5.3","","12.7","","0.0","","0.0","","0.0","","0.0","","0","","","","",""
"1988-11-14","1988","11","14","","6.0","","2.0","","4.0","","14.0","","0.0","","5.0","","0.0","","5.0","","0","","","","",""
"1988-11-15","1988","11","15","","7.5","","4.0","","5.8","","12.2","","0.0","","29.8","","0.0","","29.8","","0","","","","",""
"1988-11-16","1988","11","16","","7.0","","4.5","","5.8","","12.2","","0.0","","2.2","","0.0","","2.2","","0","","","","",""
"1988-11-17","1988","11","17","","5.5","","3.0","","4.3","","13.7","","0.0","","0.0","","0.0","","0.0","","0","","","","",""
"1988-11-18","1988","11","18","","10.0","","2.0","","6.0","","12.0","","0.0","","8.2","","0.0","","8.2","","0","","","","",""
"1988-11-19","1988","11","19","","8.0","","6.0","","7.0","","11.0","","0.0","","27.4","","0.0","","27.4","","0","","","","",""
"1988-11-20","1988","11","20","","12.0","","5.0","","8.5","","9.5","","0.0","","23.2","","0.0","","23.2","","0","","","","",""
"1988-11-21","1988","11","21","","11.0","","5.5","","8.3","","9.7","","0.0","","10.2","","0.0","","10.2","","0","","","","",""
"1988-11-22","1988","11","22","","9.5","","5.5","","7.5","","10.5","","0.0","","29.2","","0.0","","29.2","","0","","","","",""
"1988-11-23","1988","11","23","","5.0","","1.0","","3.0","","15.0","","0.0","","6.0","","3.2","","9.2","","0","","","","",""
"1988-11-24","1988","11","24","","4.5","","0.5","","2.5","","15.5","","0.0","","3.0","","2.2","","5.2","","0","T","","","",""
"1988-11-25","1988","11","25","","3.0","","-0.5","","1.3","","16.7","","0.0","","9.8","","5.0","","14.8","","0","T","","","",""
"1988-11-26","1988","11","26","","7.5","","1.5","","4.5","","13.5","","0.0","","6.2","","0.0","","6.2","","","M","","","",""
"1988-11-27","1988","11","27","","8.5","","5.0","","6.8","","11.2","","0.0","","30.0","","0.0","","30.0","","0","","","","",""
"1988-11-28","1988","11","28","","6.5","","3.0","","4.8","","13.2","","0.0","","43.0","","0.0","","43.0","","0","","","","",""
"1988-11-29","1988","11","29","","10.5","","3.5","","7.0","","11.0","","0.0","","3.8","","0.0","","3.8","","0","","","","",""
"1988-11-30","1988","11","30","","12.5","","6.5","","9.5","","8.5","","0.0","","52.4","","0.0","","52.4","","0","","","","",""
"1988-12-01","1988","12","01","","3.5","","0.5","","2.0","","16.0","","0.0","","25.4","","8.0","","33.4","","","M","","","",""
"1988-12-02","1988","12","02","","8.0","","0.0","","4.0","","14.0","","0.0","","2.0","","0.0","","2.0","","0","T","","","",""
"1988-12-03","1988","12","03","","13.5","","1.5","","7.5","","10.5","","0.0","","18.6","","0.0","","18.6","","0","","","","",""
"1988-12-04","1988","12","04","","14.5","","8.5","","11.5","","6.5","","0.0","","20.4","","0.0","","20.4","","0","","","","",""
"1988-12-05","1988","12","05","","6.5","","4.0","","5.3","","12.7","","0.0","","0.4","","0.0","","0.4","","0","","","","",""
"1988-12-06","1988","12","06","","8.5","","5.0","","6.8","","11.2","","0.0","","1.4","","0.0","","1.4","","0","","","","",""
"1988-12-07","1988","12","07","","9.0","","3.5","","6.3","","11.7","","0.0","","14.8","","0.0","","14.8","","0","","","","",""
"1988-12-08","1988","12","08","","9.5","","5.5","","7.5","","10.5","","0.0","","9.6","","0.0","","9.6","","0","","","","",""
"1988-12-09","1988","12","09","","8.0","","5.5","","6.8","","11.2","","0.0","","19.4","","0.0","","19.4","","0","","","","",""
"1988-12-10","1988","12","10","","8.0","","5.5","","6.8","","11.2","","0.0","","13.2","","0.0","","13.2","","0","","","","",""
"1988-12-11","1988","12","11","","9.0","","6.0","","7.5","","10.5","","0.0","","15.4","","0.0","","15.4","","0","","","","",""
"1988-12-12","1988","12","12","","9.0","","7.0","","8.0","","10.0","","0.0","","30.6","","0.0","","30.6","","0","","","","",""
"1988-12-13","1988","12","13","","4.5","","2.0","","3.3","","14.7","","0.0","","1.8","","0.4","","2.2","","0","","","","",""
"1988-12-14","1988","12","14","","4.0","","-0.5","","1.8","","16.2","","0.0","","0.0","","0.0","","0.0","","0","","","","",""
"1988-12-15","1988","12","15","","5.0","","-0.5","","2.3","","15.7","","0.0","","0.0","","0.0","","0.0","","0","","","","",""
"1988-12-16","1988","12","16","","5.0","","0.0","","2.5","","15.5","","0.0","","0.0","","0.0","","0.0","","0","","","","",""
"1988-12-17","1988","12","17","","10.0","","2.0","","6.0","","12.0","","0.0","","19.6","","0.0","","19.6","","0","","","","",""
"1988-12-18","1988","12","18","","6.0","","3.0","","4.5","","13.5","","0.0","","8.6","","0.0","","8.6","","0","","","","",""
"1988-12-19","1988","12","19","","5.0","","-0.5","","2.3","","15.7","","0.0","","0.0","","0.0","","0.0","","0","","","","",""
"1988-12-20","1988","12","20","","6.0","","0.5","","3.3","","14.7","","0.0","","0.6","","0.0","","0.6","","0","","","","",""
"1988-12-21","1988","12","21","","5.5","","2.5","","4.0","","14.0","","0.0","","19.2","","4.0","","23.2","","0","","","","",""
"1988-12-22","1988","12","22","","5.5","","0.0","","2.8","","15.2","","0.0","","1.6","","8.2","","9.8","","2","","","","",""
"1988-12-23","1988","12","23","","3.0","","0.0","","1.5","","16.5","","0.0","","4.2","","9.4","","13.6","","4","","","","",""
"1988-12-24","1988","12","24","","3.0","","-1.0","","1.0","","17.0","","0.0","","0.0","","0.0","","0.0","","9","","","","",""
"1988-12-25","1988","12","25","","2.5","","-1.5","","0.5","","17.5","","0.0","","0.0","","0.0","","0.0","","5","","","","",""
"1988-12-26","1988","12","26","","4.0","","-0.5","","1.8","","16.2","","0.0","","9.0","","0.0","","9.0","","5","","","","",""
"1988-12-27","1988","12","27","","4.0","","2.0","","3.0","","15.0","","0.0","","7.2","","0.0","","7.2","","4","","","","",""
"1988-12-28","1988","12","28","","6.5","","2.5","","4.5","","13.5","","0.0","","24.8","","0.0","","24.8","","2","","","","",""
"1988-12-29","1988","12","29","","5.0","","3.0","","4.0","","14.0","","0.0","","17.2","","0.0","","17.2","","0","","","","",""
"1988-12-30","1988","12","30","","5.0","","2.0","","3.5","","14.5","","0.0","","0.6","","0.0","","0.6","","0","","","","",""
"1988-12-31","1988","12","31","","4.5","","-0.5","","2.0","","16.0","","0.0","","0.0","","0.0","T","0.0","T","0","","","","",""
